City,Lat,Lng,Max Temp,Humidity,Cloudiness,Wind Speed,Country,Date
Marzuq,14.4,46.4667,81.37,26,71,4.07,YE,2021-06-13 17:47:43
Kidal,18.4411,1.4078,106.11,9,3,3.96,ML,2021-06-13 17:47:43
Sorong,-0.8833,131.25,78.96,84,90,5.3,ID,2021-06-13 17:47:12
Qaanaaq,77.484,-69.3632,37.22,81,35,1.88,GL,2021-06-13 17:47:43
Rikitea,-23.1203,-134.9692,74.95,76,13,10.07,PF,2021-06-13 17:47:44
Celestún,20.8667,-90.4,81.23,75,92,7.85,MX,2021-06-13 17:47:44
Vaini,-21.2,-175.2,71.76,83,40,8.05,TO,2021-06-13 17:47:44
Sumkino,58.1108,68.3244,62.37,63,71,5.73,RU,2021-06-13 17:47:44
Albany,42.6001,-73.9662,83.14,51,21,6.04,US,2021-06-13 17:47:45
Saint George,37.1041,-113.5841,102.67,9,6,1.01,US,2021-06-13 17:47:45
Utica,43.1009,-75.2327,84.31,55,3,5.03,US,2021-06-13 17:47:13
Ushuaia,-54.8,-68.3,38.86,81,75,28.77,AR,2021-06-13 17:43:47
Yellowknife,62.456,-114.3525,57.72,77,75,11.5,CA,2021-06-13 17:47:46
Le Port,-20.9373,55.2919,73.36,91,57,11.68,RE,2021-06-13 17:45:39
Chany,55.3121,76.7647,58.14,89,33,8.77,RU,2021-06-13 17:47:46
Yulara,-25.2406,130.9889,53.44,76,75,8.05,AU,2021-06-13 17:47:46
Jamestown,42.097,-79.2353,83.3,57,75,3.44,US,2021-06-13 17:47:47
Busselton,-33.65,115.3333,58.08,78,99,24.0,AU,2021-06-13 17:44:45
Dzhebariki-Khaya,62.2167,135.8,47.32,97,100,5.41,RU,2021-06-13 17:47:47
Kimbe,-5.5502,150.1429,73.18,89,28,5.5,PG,2021-06-13 17:47:25
Mataura,-46.1927,168.8643,50.85,97,100,4.56,NZ,2021-06-13 17:47:48
Ribeira Brava,32.65,-17.0667,73.13,78,58,4.09,PT,2021-06-13 17:47:48
Cape Town,-33.9258,18.4232,58.12,79,0,4.61,ZA,2021-06-13 17:45:13
Winburg,-28.518,27.0093,52.86,43,7,5.12,ZA,2021-06-13 17:47:48
Chui,-33.6971,-53.4616,67.26,60,0,6.82,UY,2021-06-13 17:47:48
Paysandu,-32.3214,-58.0756,71.6,53,0,12.66,UY,2021-06-13 17:47:49
Hay River,60.8156,-115.7999,71.58,46,40,2.3,CA,2021-06-13 17:47:49
Sambava,-14.2667,50.1667,72.91,88,16,3.02,MG,2021-06-13 17:45:42
Port Alfred,-33.5906,26.891,64.76,73,41,6.08,ZA,2021-06-13 17:47:49
Houma,29.5958,-90.7195,93.99,60,88,8.01,US,2021-06-13 17:47:50
Avarua,-21.2078,-159.775,71.65,73,40,6.91,CK,2021-06-13 17:47:50
Lubao,14.9167,120.55,81.14,87,100,2.91,PH,2021-06-13 17:47:50
Cabo San Lucas,22.8909,-109.9124,91.51,63,100,8.32,MX,2021-06-13 17:46:47
Saskylakh,71.9167,114.0833,39.45,63,60,11.61,RU,2021-06-13 17:47:51
Palmares do Sul,-30.2578,-50.5097,67.55,55,0,3.47,BR,2021-06-13 17:47:51
Pangnirtung,66.1451,-65.7125,39.2,81,75,13.8,CA,2021-06-13 17:47:51
Hermanus,-34.4187,19.2345,57.9,88,89,4.59,ZA,2021-06-13 17:47:51
Hobart,-42.8794,147.3294,52.92,97,90,0.0,AU,2021-06-13 17:45:36
Ancud,-41.8697,-73.8203,51.33,61,64,11.77,CL,2021-06-13 17:46:44
Puerto Cabello,10.4731,-68.0125,90.95,88,100,12.08,VE,2021-06-13 17:47:52
Auki,-8.7676,160.7034,77.54,88,100,4.68,SB,2021-06-13 17:47:44
Panguna,-6.3164,155.4848,66.97,90,76,1.68,PG,2021-06-13 17:47:53
Airai,-8.9266,125.4092,57.07,89,72,1.86,TL,2021-06-13 17:47:53
Port Hardy,50.6996,-127.4199,57.38,88,75,26.46,CA,2021-06-13 17:47:53
Gander,48.9682,-54.5906,53.98,66,90,17.0,CA,2021-06-13 17:47:53
Butaritari,3.0707,172.7902,81.84,76,100,8.43,KI,2021-06-13 17:47:53
Kondopoga,62.2057,34.2614,64.08,73,79,7.65,RU,2021-06-13 17:47:11
Malanje,-9.5402,16.341,66.4,35,87,3.8,AO,2021-06-13 17:46:33
Torbay,47.6666,-52.7314,50.77,69,40,9.22,CA,2021-06-13 17:47:55
East London,-33.0153,27.9116,65.34,94,0,2.3,ZA,2021-06-13 17:45:41
Barrow,71.2906,-156.7887,35.62,93,90,12.66,US,2021-06-13 17:47:55
Aklavik,68.2191,-135.0107,47.12,93,90,9.22,CA,2021-06-13 17:47:56
Haines Junction,60.7522,-137.5108,55.35,50,21,2.3,CA,2021-06-13 17:47:56
Saint-Philippe,-21.3585,55.7679,72.95,79,61,16.26,RE,2021-06-13 17:47:56
Yala,6.3333,101.25,74.88,96,96,2.44,TH,2021-06-13 17:47:56
Klungkung,-8.5333,115.4,79.48,94,95,3.85,ID,2021-06-13 17:47:56
Zliten,32.4674,14.5687,73.44,67,5,7.31,LY,2021-06-13 17:47:57
Klaksvík,62.2266,-6.589,50.92,82,100,19.04,FO,2021-06-13 17:47:57
Dikson,73.5069,80.5464,33.91,99,100,11.23,RU,2021-06-13 17:47:57
Bredasdorp,-34.5322,20.0403,54.72,88,96,3.44,ZA,2021-06-13 17:47:58
Kloulklubed,7.0419,134.2556,81.1,75,81,11.9,PW,2021-06-13 17:47:58
Yumen,40.2833,97.2,69.57,38,51,6.85,CN,2021-06-13 17:47:58
Kaitangata,-46.2817,169.8464,51.46,98,100,9.75,NZ,2021-06-13 17:47:58
Srīvardhan,18.0333,73.0167,80.28,86,50,7.76,IN,2021-06-13 17:47:59
Hilo,19.7297,-155.09,76.62,76,40,6.91,US,2021-06-13 17:43:06
Mahébourg,-20.4081,57.7,75.49,73,75,14.97,MU,2021-06-13 17:47:24
Cherskiy,68.75,161.3,54.23,51,100,4.88,RU,2021-06-13 17:47:59
Castro,-24.7911,-50.0119,64.6,52,0,4.34,BR,2021-06-13 17:48:00
Atuona,-9.8,-139.0333,79.63,77,63,19.17,PF,2021-06-13 17:48:00
Tuatapere,-46.1333,167.6833,51.53,97,100,3.89,NZ,2021-06-13 17:48:00
Savelugu,9.6244,-0.8253,90.1,50,89,3.65,GH,2021-06-13 17:48:00
Parabel',58.6978,81.4825,49.35,71,7,6.49,RU,2021-06-13 17:48:01
Lamu,-2.2717,40.902,79.02,80,69,16.51,KE,2021-06-13 17:48:01
Iquitos,-3.7481,-73.2472,80.64,74,75,8.05,PE,2021-06-13 17:48:02
Faya,18.3851,42.4509,77.52,14,11,10.2,SA,2021-06-13 17:48:02
Bargarh,21.3333,83.6167,80.44,85,100,5.12,IN,2021-06-13 17:48:02
Hong Kong,22.2855,114.1577,85.32,89,100,1.01,HK,2021-06-13 17:47:43
Bambous Virieux,-20.3428,57.7575,75.45,73,75,14.97,MU,2021-06-13 17:48:03
Souillac,-20.5167,57.5167,75.58,73,75,14.97,MU,2021-06-13 17:48:03
Puerto Ayora,-0.7393,-90.3518,78.76,85,87,4.0,EC,2021-06-13 17:48:03
Tilichiki,60.4667,166.1,44.8,77,5,5.5,RU,2021-06-13 17:48:04
Praia,14.9215,-23.5087,84.74,65,0,12.66,CV,2021-06-13 17:43:55
Solnechnyy,50.7214,136.6319,43.34,88,13,4.12,RU,2021-06-13 17:48:04
Yelbarga,15.6333,76.0167,73.17,82,76,22.08,IN,2021-06-13 17:48:05
Lagoa,39.05,-27.9833,68.5,73,3,4.16,PT,2021-06-13 17:48:05
Harper,4.375,-7.7169,80.91,78,100,8.46,LR,2021-06-13 17:48:05
Maceió,-9.6658,-35.7353,83.64,61,40,8.05,BR,2021-06-13 17:47:16
Severo-Kuril'sk,50.6789,156.125,42.91,97,100,15.57,RU,2021-06-13 17:48:06
Thompson,55.7435,-97.8558,50.16,81,75,11.5,CA,2021-06-13 17:48:06
Bluff,-46.6,168.3333,52.29,96,100,16.51,NZ,2021-06-13 17:48:06
Susanville,40.4163,-120.653,77.83,33,1,5.99,US,2021-06-13 17:48:06
Khatanga,71.9667,102.5,39.7,64,75,5.1,RU,2021-06-13 17:48:07
Boyolangu,-8.1181,111.8935,75.42,92,63,2.42,ID,2021-06-13 17:46:39
Kadapa,14.4667,78.8167,82.47,59,100,21.14,IN,2021-06-13 17:44:15
Makokou,0.5738,12.8642,73.2,90,87,4.79,GA,2021-06-13 17:47:46
Natal,-5.795,-35.2094,88.02,48,20,12.66,BR,2021-06-13 17:48:08
Arraial do Cabo,-22.9661,-42.0278,73.26,56,40,10.36,BR,2021-06-13 17:48:08
Hūn,29.1268,15.9477,84.81,22,0,12.3,LY,2021-06-13 17:47:11
Tucumcari,35.1717,-103.725,88.95,39,1,3.44,US,2021-06-13 17:48:08
Vila Velha,-20.3297,-40.2925,76.96,65,40,16.11,BR,2021-06-13 17:48:09
Carnarvon,-24.8667,113.6333,60.87,74,0,9.22,AU,2021-06-13 17:48:09
Vestmannaeyjar,63.4427,-20.2734,45.59,81,75,21.85,IS,2021-06-13 17:48:09
Manokwari,-0.8667,134.0833,78.19,76,72,1.36,ID,2021-06-13 17:46:26
Xining,36.6167,101.7667,51.64,84,100,3.29,CN,2021-06-13 17:45:41
Sept-Îles,50.2001,-66.3821,58.05,53,40,5.99,CA,2021-06-13 17:48:10
Te Anau,-45.4167,167.7167,50.11,96,97,1.16,NZ,2021-06-13 17:48:10
Poum,-20.2333,164.0167,73.35,77,2,6.26,NC,2021-06-13 17:48:10
Oranjestad,12.524,-70.027,89.55,62,20,25.32,AW,2021-06-13 17:46:56
Hamilton,39.1834,-84.5333,90.75,63,20,3.0,US,2021-06-13 17:48:11
Sokol,59.4617,40.1206,62.4,89,22,3.18,RU,2021-06-13 17:48:11
College,64.8569,-147.8028,63.9,74,75,0.0,US,2021-06-13 17:48:11
Hithadhoo,-0.6,73.0833,82.04,74,94,7.2,MV,2021-06-13 17:48:11
Faanui,-16.4833,-151.75,80.24,78,11,16.78,PF,2021-06-13 17:48:12
Lebu,-37.6167,-73.65,51.17,82,100,15.9,CL,2021-06-13 17:46:44
Upernavik,72.7868,-56.1549,35.89,86,76,2.75,GL,2021-06-13 17:48:13
Chokurdakh,70.6333,147.9167,48.65,75,76,6.69,RU,2021-06-13 17:48:13
Lüderitz,-26.6481,15.1594,63.64,65,31,7.25,NA,2021-06-13 17:47:28
Mayo,38.8876,-76.5119,83.95,73,51,1.01,US,2021-06-13 17:47:46
El Salvador,13.8333,-88.9167,78.84,66,81,1.92,SV,2021-06-13 17:48:14
Kangaatsiaq,68.3065,-53.4641,35.42,87,98,7.18,GL,2021-06-13 17:48:14
Lompoc,34.6391,-120.4579,71.74,86,90,6.91,US,2021-06-13 17:48:14
Beitbridge,-22.2167,30.0,66.76,37,0,7.45,ZW,2021-06-13 17:47:08
Port Elizabeth,-33.918,25.5701,62.89,88,0,26.46,ZA,2021-06-13 17:47:16
Avera,33.194,-82.5271,83.86,62,97,7.92,US,2021-06-13 17:48:15
Hukuntsi,-24.0,21.75,59.74,32,4,4.14,BW,2021-06-13 17:48:15
High Level,58.5169,-117.136,68.11,42,40,6.91,CA,2021-06-13 17:48:15
Winsum,53.33,6.5208,71.22,76,1,6.15,NL,2021-06-13 17:48:16
Lata,40.1629,-8.3327,75.34,71,88,4.56,PT,2021-06-13 17:48:16
Longyearbyen,78.2186,15.6401,33.64,64,75,17.27,SJ,2021-06-13 17:48:16
Bandarbeyla,9.4942,50.8122,79.27,79,94,29.86,SO,2021-06-13 17:48:17
Saint Paul Harbor,57.79,-152.4072,47.71,87,90,3.44,US,2021-06-13 17:48:17
Cidreira,-30.1811,-50.2056,63.99,60,0,6.93,BR,2021-06-13 17:48:17
Nicaea,40.4286,29.7211,73.15,79,11,3.94,TR,2021-06-13 17:48:18
Palmas,-10.2128,-48.3603,91.27,52,40,8.05,BR,2021-06-13 17:47:35
Basco,20.4487,121.9702,84.09,77,55,10.07,PH,2021-06-13 17:48:18
Leningradskiy,69.3833,178.4167,34.5,88,35,11.14,RU,2021-06-13 17:48:19
Anadyr,64.75,177.4833,41.5,80,75,8.01,RU,2021-06-13 17:47:44
São Filipe,14.8961,-24.4956,76.05,82,95,5.06,CV,2021-06-13 17:47:45
Ust-Tsilma,65.441,52.1498,70.07,48,50,7.2,RU,2021-06-13 17:48:19
The Valley,18.217,-63.0578,86.09,74,20,14.97,AI,2021-06-13 17:47:28
Acaraú,-2.8856,-40.12,83.08,70,55,8.72,BR,2021-06-13 17:48:20
Olafsvik,64.8945,-23.7142,43.23,75,100,19.82,IS,2021-06-13 17:48:20
Xichang,27.8964,102.2634,70.56,84,79,1.77,CN,2021-06-13 17:47:24
Vardø,70.3705,31.1107,50.2,71,75,10.36,NO,2021-06-13 17:48:21
Margate,51.3813,1.3862,75.06,74,5,9.35,GB,2021-06-13 17:48:21
George Town,5.4112,100.3354,82.89,86,20,3.0,MY,2021-06-13 17:47:06
Laguna,38.421,-121.4238,85.1,55,1,3.0,US,2021-06-13 17:48:22
Kenai,60.5544,-151.2583,55.49,74,1,11.5,US,2021-06-13 17:48:22
Olinda,-8.0089,-34.8553,80.33,61,20,13.8,BR,2021-06-13 17:46:54
Malindi,-3.2175,40.1191,78.96,73,40,17.27,KE,2021-06-13 17:47:18
Punta Arenas,-53.15,-70.9167,41.11,81,0,20.71,CL,2021-06-13 17:48:22
Fairbanks,64.8378,-147.7164,63.91,73,75,0.0,US,2021-06-13 17:48:23
Aktash,50.3,87.7333,31.03,95,78,3.53,RU,2021-06-13 17:48:24
Aksarka,66.5606,67.7975,69.46,48,86,1.32,RU,2021-06-13 17:48:24
Tiznit Province,29.5833,-9.5,69.21,57,0,8.84,MA,2021-06-13 17:48:24
Ullapool,57.8987,-5.1604,63.95,97,100,10.04,GB,2021-06-13 17:48:24
Alibunan,11.1465,122.4591,75.04,88,95,2.08,PH,2021-06-13 17:48:25
Shubarshi,48.5872,57.1869,72.97,42,97,9.13,KZ,2021-06-13 17:48:25
Padang,-0.9492,100.3543,79.34,82,52,3.11,ID,2021-06-13 17:48:25
Matara,5.9485,80.5353,77.95,88,61,15.32,LK,2021-06-13 17:45:48
Mayumba,-3.432,10.6554,76.87,85,84,5.55,GA,2021-06-13 17:48:26
Mmabatho,-25.85,25.6333,60.76,36,0,6.91,ZA,2021-06-13 17:48:26
Bethel,41.3712,-73.414,81.84,61,90,5.75,US,2021-06-13 17:48:26
Sur,22.5667,59.5289,89.58,62,1,4.81,OM,2021-06-13 17:47:29
Ribeira Grande,38.5167,-28.7,72.0,78,20,8.05,PT,2021-06-13 17:48:27
Coquimbo,-29.9533,-71.3436,58.73,67,20,10.36,CL,2021-06-13 17:48:27
Okha,53.5739,142.9478,39.49,82,100,9.91,RU,2021-06-13 17:48:27
Ayan,56.45,138.1667,44.04,72,23,7.58,RU,2021-06-13 17:48:27
Srednekolymsk,67.45,153.6833,63.23,37,97,5.84,RU,2021-06-13 17:48:28
Tuktoyaktuk,69.4541,-133.0374,37.4,100,75,9.22,CA,2021-06-13 17:48:28
Vanimo,-2.6741,141.3028,77.09,91,71,4.27,PG,2021-06-13 17:48:28
Porbandar,21.6422,69.6093,84.99,79,36,15.99,IN,2021-06-13 17:45:52
Ponta do Sol,32.6667,-17.1,73.13,75,59,5.77,PT,2021-06-13 17:48:28
San Patricio,28.017,-97.5169,91.49,46,20,2.55,US,2021-06-13 17:48:29
Tiksi,71.6872,128.8694,42.33,86,100,4.83,RU,2021-06-13 17:48:29
Kiruna,67.8557,20.2251,49.12,53,20,19.57,SE,2021-06-13 17:48:29
Muravlenko,63.7898,74.523,65.86,63,68,12.3,RU,2021-06-13 17:48:29
Cockburn Town,21.4612,-71.1419,85.96,66,20,14.97,TC,2021-06-13 17:48:30
Tondano,1.3038,124.9112,68.09,89,95,0.45,ID,2021-06-13 17:47:05
Codrington,-38.2667,141.9667,46.42,82,90,6.06,AU,2021-06-13 17:48:30
Saldanha,-33.0117,17.9442,57.25,87,90,5.44,ZA,2021-06-13 17:48:30
Atar,20.5169,-13.0499,108.34,11,62,19.06,MR,2021-06-13 17:48:30
Bengkulu,-3.8004,102.2655,76.87,85,96,6.15,ID,2021-06-13 17:48:31
Esmeralda,21.8525,-78.1169,88.84,57,100,4.79,CU,2021-06-13 17:46:35
Caborca,30.5838,-111.101,94.5,9,23,8.48,MX,2021-06-13 17:48:31
Lachi,33.3833,71.3386,88.34,45,0,12.62,PK,2021-06-13 17:46:46
Touros,-5.1989,-35.4608,86.9,64,72,13.78,BR,2021-06-13 17:48:32
Ambam,2.3833,11.2833,73.35,87,95,3.22,CM,2021-06-13 17:48:32
Brandenburg,52.4167,12.55,69.01,58,29,8.08,DE,2021-06-13 17:48:32
Geraldton,-28.7667,114.6,62.13,77,40,6.91,AU,2021-06-13 17:43:55
Kapiri Mposhi,-13.9652,28.6809,54.81,47,13,5.77,ZM,2021-06-13 17:46:33
Mar del Plata,-38.0023,-57.5575,71.1,75,0,5.01,AR,2021-06-13 17:46:35
Isangel,-19.55,169.2667,73.89,88,12,8.63,VU,2021-06-13 17:48:33
Tieling,42.2931,123.8414,67.73,86,95,0.47,CN,2021-06-13 17:46:50
Pringsewu,-5.3582,104.9744,73.69,97,13,0.72,ID,2021-06-13 17:48:33
Samarai,-10.6167,150.6667,79.77,83,81,8.63,PG,2021-06-13 17:48:34
Emba,48.8264,58.1442,74.12,31,100,11.1,KZ,2021-06-13 17:46:53
Makakilo City,21.3469,-158.0858,73.72,71,90,4.61,US,2021-06-13 17:48:35
Christiansburg,37.1298,-80.4089,82.87,76,40,0.0,US,2021-06-13 17:48:35
Harjavalta,61.3167,22.1333,58.73,58,3,7.85,FI,2021-06-13 17:48:35
Katangli,51.7102,143.2326,40.55,92,100,11.03,RU,2021-06-13 17:48:36
Pangody,65.85,74.4859,66.27,55,79,8.61,RU,2021-06-13 17:48:36
Kudahuvadhoo,2.6708,72.8944,82.74,75,43,12.93,MV,2021-06-13 17:45:03
Trincomalee,8.5711,81.2335,82.06,76,98,23.4,LK,2021-06-13 17:45:47
New Norfolk,-42.7826,147.0587,51.93,90,100,0.47,AU,2021-06-13 17:48:36
Kirakira,-10.4544,161.9205,77.5,80,69,9.4,SB,2021-06-13 17:48:37
Bairiki Village,1.3292,172.9752,80.6,83,40,3.44,KI,2021-06-13 17:48:37
Nerang,-27.9833,153.3333,52.12,95,5,4.07,AU,2021-06-13 17:47:13
Bendigo,-36.7667,144.2833,48.85,64,100,1.36,AU,2021-06-13 17:47:25
Gyenesdiás,46.7706,17.2866,67.98,42,0,14.97,HU,2021-06-13 17:48:38
La Santisima Trinidad,-14.8333,-64.9,78.78,61,20,4.61,BO,2021-06-13 17:46:51
Yambio,4.5721,28.3955,68.18,95,97,5.12,SS,2021-06-13 17:48:38
Motupe,-6.1519,-79.7142,75.42,58,89,4.72,PE,2021-06-13 17:48:38
Megion,61.0296,76.1136,59.02,64,50,6.2,RU,2021-06-13 17:48:39
Tasiilaq,65.6145,-37.6368,37.56,84,100,1.39,GL,2021-06-13 17:48:39
Comodoro Rivadavia,-45.8667,-67.5,51.66,46,0,12.66,AR,2021-06-13 17:46:41
Portland,45.5234,-122.6762,66.81,91,90,1.99,US,2021-06-13 17:48:40
Goderich,43.7501,-81.7165,77.04,77,85,10.36,CA,2021-06-13 17:48:40
Kavaratti,10.5669,72.642,83.44,77,100,23.26,IN,2021-06-13 17:48:40
Beckley,37.7782,-81.1882,84.09,61,75,1.01,US,2021-06-13 17:48:41
Pevek,69.7008,170.3133,40.46,66,58,1.74,RU,2021-06-13 17:48:41
Taikang,46.8333,124.4167,68.41,78,35,8.95,CN,2021-06-13 17:48:41
Ko Samui,9.5357,99.9357,84.31,71,99,16.08,TH,2021-06-13 17:48:41
Shawville,45.6001,-76.4827,77.65,46,61,2.68,CA,2021-06-13 17:48:42
Najrān,17.4924,44.1277,88.45,11,51,4.14,SA,2021-06-13 17:47:29
Teacapan,22.55,-105.75,83.91,71,100,7.09,MX,2021-06-13 17:48:42
Ostrovnoy,68.0531,39.5131,68.43,50,76,18.01,RU,2021-06-13 17:48:42
Zalesovo,53.9939,84.7431,53.47,98,100,3.87,RU,2021-06-13 17:48:43
La Ronge,55.1001,-105.2842,73.62,30,20,8.05,CA,2021-06-13 17:48:43
Puerto Ayacucho,5.6639,-67.6236,84.85,67,59,1.34,VE,2021-06-13 17:48:43
Mae Sai,20.4335,99.8762,76.32,99,100,1.7,TH,2021-06-13 17:48:43
Korla,41.7597,86.1469,68.29,53,87,17.52,CN,2021-06-13 17:48:44
Ban Tak,17.0432,99.0813,71.6,96,100,3.0,TH,2021-06-13 17:47:11
Visby,57.6409,18.296,64.62,52,0,3.44,SE,2021-06-13 17:48:44
Mahajanga,-15.7167,46.3167,78.82,78,40,5.75,MG,2021-06-13 17:48:44
Jatiroto,-7.8833,111.1167,73.47,93,48,1.86,ID,2021-06-13 17:46:34
Ternate,0.8,127.4,79.38,80,99,2.91,ID,2021-06-13 17:47:42
Leer,8.3018,30.1418,74.89,83,64,4.81,SS,2021-06-13 17:48:45
Tabuk,17.4189,121.4443,75.34,89,86,0.56,PH,2021-06-13 17:47:31
Lorengau,-2.0226,147.2712,81.28,80,32,5.88,PG,2021-06-13 17:48:46
Mathathane,-22.2687,28.7495,66.56,31,0,9.62,BW,2021-06-13 17:48:46
Bongor,10.2806,15.3722,89.91,40,100,7.34,TD,2021-06-13 17:46:45
Hofn,64.2539,-15.2082,37.99,96,100,10.94,IS,2021-06-13 17:47:06
Vicuña,-30.0319,-70.7081,82.78,20,0,4.56,CL,2021-06-13 17:48:48
Tamasopo,21.9333,-99.4833,76.33,59,94,5.91,MX,2021-06-13 17:48:48
Lubbock,33.6001,-101.8338,91.38,51,75,9.22,US,2021-06-13 17:48:48
Port Blair,11.6667,92.75,82.63,82,98,20.89,IN,2021-06-13 17:45:52
Eston,51.1501,-108.7514,73.92,30,20,11.25,CA,2021-06-13 17:48:49
Havelock,34.8791,-76.9013,80.98,82,75,3.0,US,2021-06-13 17:47:22
Ahipara,-35.1667,173.1667,61.63,96,92,6.55,NZ,2021-06-13 17:48:49
Emerald,-23.5333,148.1667,64.54,100,40,8.05,AU,2021-06-13 17:48:50
Vila Franca do Campo,37.7167,-25.4333,70.21,71,42,3.47,PT,2021-06-13 17:48:50
Adelaide,-34.9333,138.6,60.42,58,97,1.01,AU,2021-06-13 17:45:12
Kapaa,22.0752,-159.319,75.52,74,75,1.01,US,2021-06-13 17:48:50
Barcelos,41.5388,-8.6151,79.92,68,54,6.64,PT,2021-06-13 17:47:25
Buala,-8.145,159.5921,79.45,83,71,8.37,SB,2021-06-13 17:48:51
Mogok,22.9167,96.5,67.21,99,94,3.56,MM,2021-06-13 17:47:38
Massakory,12.996,15.7293,95.29,31,89,6.2,TD,2021-06-13 17:47:22
Naze,28.3667,129.4833,73.62,89,100,7.96,JP,2021-06-13 17:48:51
Yangi Marg`ilon,40.4272,71.7189,75.92,38,89,6.91,UZ,2021-06-13 17:48:52
Port Hedland,-20.3167,118.5667,64.45,88,27,0.0,AU,2021-06-13 17:48:52
Buraidah,26.326,43.975,97.25,11,0,11.36,SA,2021-06-13 17:45:03
Walvis Bay,-22.9575,14.5053,74.35,23,2,5.75,NA,2021-06-13 17:48:52
Sovetskiy,61.3614,63.5842,66.96,54,44,6.49,RU,2021-06-13 17:48:53
Suntar,62.1444,117.6319,47.73,59,9,4.03,RU,2021-06-13 17:48:53
Roald,62.5833,6.1333,58.12,77,75,18.41,NO,2021-06-13 17:48:53
Kiryat Gat,31.61,34.7642,77.81,100,0,10.58,IL,2021-06-13 17:48:53
Gori,41.9842,44.1158,60.12,84,86,7.99,GE,2021-06-13 17:46:43
Port Lincoln,-34.7333,135.8667,57.56,78,94,10.31,AU,2021-06-13 17:48:54
Rock Springs,41.5875,-109.2029,87.24,19,1,1.01,US,2021-06-13 17:48:54
Salalah,17.0151,54.0924,84.29,84,75,9.22,OM,2021-06-13 17:47:16
Hokitika,-42.7167,170.9667,55.71,92,86,5.99,NZ,2021-06-13 17:48:55
Caetés,-8.7731,-36.6225,78.39,42,82,9.75,BR,2021-06-13 17:48:55
Province of Mantua,45.1667,10.7833,91.72,72,0,13.42,IT,2021-06-13 17:46:42
Wenling,28.3669,121.36,79.88,98,100,1.28,CN,2021-06-13 17:46:43
Arrondissement de Troyes,48.3333,4.0833,79.14,38,0,9.22,FR,2021-06-13 17:48:56
Jeremoabo,-10.075,-38.4808,87.91,36,55,11.3,BR,2021-06-13 17:48:56
Quzhou,28.9594,118.8686,73.81,97,100,1.5,CN,2021-06-13 17:46:39
Port Augusta,-32.5,137.7667,57.34,49,100,4.25,AU,2021-06-13 17:48:57
Rimbey,52.6334,-114.2353,68.52,57,31,11.23,CA,2021-06-13 17:48:57
St. George's,12.0564,-61.7485,85.68,66,40,13.8,GD,2021-06-13 17:44:57
Portsmouth,50.799,-1.0913,77.67,92,11,4.0,GB,2021-06-13 17:46:27
Ushtobe,45.2514,77.9838,58.44,37,0,13.18,KZ,2021-06-13 17:48:58
Challans,46.8436,-1.8749,86.92,46,0,9.53,FR,2021-06-13 17:48:58
São Gabriel da Cachoeira,-0.1303,-67.0892,82.2,74,75,2.3,BR,2021-06-13 17:46:30
Madarounfa,13.3087,7.156,95.23,23,37,0.94,NE,2021-06-13 17:48:58
Muros,42.7762,-9.0603,84.7,67,77,3.38,ES,2021-06-13 17:46:45
Merauke,-8.4667,140.3333,77.92,89,83,11.77,ID,2021-06-13 17:48:59
Yamada,39.4667,141.95,63.73,92,100,2.17,JP,2021-06-13 17:45:06
Liverpool,53.4106,-2.9779,80.55,57,0,3.44,GB,2021-06-13 17:44:00
Santa Maria,-29.6842,-53.8069,69.1,56,0,5.75,BR,2021-06-13 17:47:14
Ilulissat,69.2167,-51.1,37.42,75,90,4.61,GL,2021-06-13 17:48:59
Clyde River,70.4692,-68.5914,34.03,80,90,18.41,CA,2021-06-13 17:49:00
Donskoye,45.4552,41.9741,69.93,81,99,2.68,RU,2021-06-13 17:49:00
Bridlington,54.0831,-0.1919,75.88,83,55,8.03,GB,2021-06-13 17:48:35
Worthington,40.0931,-83.018,88.95,63,20,1.99,US,2021-06-13 17:49:00
Novobirilyussy,56.9514,90.6661,49.46,97,84,8.05,RU,2021-06-13 17:49:01
Chokwé,-24.5333,32.9833,67.35,71,0,4.43,MZ,2021-06-13 17:49:01
Coffs Harbour,-30.3,153.1333,49.14,95,68,0.0,AU,2021-06-13 17:49:01
Linhares,-19.3911,-40.0722,75.67,55,88,10.94,BR,2021-06-13 17:46:41
Rocha,-34.4833,-54.3333,68.63,66,1,8.43,UY,2021-06-13 17:49:02
Rawson,-43.3002,-65.1023,52.77,53,100,13.89,AR,2021-06-13 17:47:03
Peleduy,59.6289,112.7406,52.99,45,100,0.51,RU,2021-06-13 17:49:02
Grand Gaube,-20.0064,57.6608,75.6,76,22,8.99,MU,2021-06-13 17:49:02
George Town,5.4112,100.3354,82.89,86,20,3.0,MY,2021-06-13 17:46:34
Itarema,-2.9248,-39.9167,83.25,67,77,8.97,BR,2021-06-13 17:49:03
Wad Rāwah,15.1603,33.1397,103.37,14,100,5.79,SD,2021-06-13 17:49:03
San Cristobal,7.7669,-72.225,82.58,54,75,7.56,VE,2021-06-13 17:49:03
Palekastro,35.2,26.25,71.69,75,86,6.13,GR,2021-06-13 17:49:04
Beidao,34.5686,105.8933,69.85,90,98,1.52,CN,2021-06-13 17:46:38
Asău,46.4333,26.4,60.4,76,90,2.93,RO,2021-06-13 17:49:04
Jardim,-21.4803,-56.1381,78.51,35,0,5.08,BR,2021-06-13 17:47:08
Waipawa,-41.4122,175.5153,56.03,87,100,4.79,NZ,2021-06-13 17:49:04
Burnie,-41.0667,145.9167,54.91,86,99,4.85,AU,2021-06-13 17:49:05
Guerrero Negro,27.9769,-114.0611,72.0,61,32,13.56,MX,2021-06-13 17:49:05
São João da Barra,-21.6403,-41.0511,71.69,72,60,16.8,BR,2021-06-13 17:47:31
Kalanguy,51.0167,116.5167,57.96,84,100,5.1,RU,2021-06-13 17:49:05
Qinzhou,21.95,108.6167,79.34,89,100,9.24,CN,2021-06-13 17:49:06
Jiexiu,37.0244,111.9125,75.6,70,50,3.49,CN,2021-06-13 17:49:06
Robertsport,6.7533,-11.3686,81.75,80,92,10.87,LR,2021-06-13 17:49:06
Alofi,-19.0595,-169.9187,58.89,100,50,1.14,NU,2021-06-13 17:45:39
Marawi,7.9986,124.2928,67.64,95,56,2.06,PH,2021-06-13 17:49:07
Pachino,36.7186,15.0907,77.04,64,45,9.69,IT,2021-06-13 17:46:40
Nikolskoye,59.7035,30.7861,62.49,92,97,5.19,RU,2021-06-13 17:49:08
Yemtsa,63.0734,40.3329,63.66,83,100,5.39,RU,2021-06-13 17:49:08
Zhezkazgan,47.8043,67.7144,64.87,51,21,16.2,KZ,2021-06-13 17:49:08
Honningsvåg,70.9821,25.9704,47.95,76,75,14.97,NO,2021-06-13 17:49:08
Saint-Pierre,-21.3393,55.4781,73.04,78,0,5.75,RE,2021-06-13 17:45:06
Bulawayo,-20.15,28.5833,56.75,36,0,5.95,ZW,2021-06-13 17:45:37
Nabire,-3.3667,135.4833,75.34,90,70,3.0,ID,2021-06-13 17:46:54
Kutum,14.2,24.6667,90.97,9,100,9.01,SD,2021-06-13 17:49:09
Kholmogory,64.2229,41.656,73.51,86,100,6.08,RU,2021-06-13 17:49:09
Oranjemund,-28.55,16.4333,57.27,81,37,6.24,NA,2021-06-13 17:49:10
Longyan,25.1072,117.0225,74.16,98,100,3.2,CN,2021-06-13 17:45:00
Sistranda,63.7256,8.834,50.9,90,100,12.37,NO,2021-06-13 17:49:10
Meulaboh,4.1363,96.1285,77.72,87,83,5.17,ID,2021-06-13 17:49:10
Prince Rupert,54.3161,-130.3201,53.69,90,90,3.44,CA,2021-06-13 17:49:11
Richards Bay,-28.783,32.0377,67.08,60,2,7.23,ZA,2021-06-13 17:49:11
Katherine,-14.4667,132.2667,61.12,77,69,4.61,AU,2021-06-13 17:49:11
Majene,-3.5403,118.9707,76.71,88,89,5.32,ID,2021-06-13 17:46:26
Inongo,-1.95,18.2667,77.99,52,68,3.42,CD,2021-06-13 17:46:48
Usinsk,65.9939,57.5281,65.07,64,15,9.62,RU,2021-06-13 17:49:12
Tuy Hoa,13.0833,109.3,80.98,69,93,11.05,VN,2021-06-13 17:44:58
Labuhan,-6.8844,112.2051,78.35,84,53,6.4,ID,2021-06-13 17:49:12
Skibbereen,51.55,-9.2667,66.0,84,4,11.63,IE,2021-06-13 17:49:13
Kupang,-10.1667,123.5833,75.2,85,51,8.12,ID,2021-06-13 17:49:13
Khanbari,27.3747,87.2039,73.26,79,79,2.13,NP,2021-06-13 17:46:42
Kavieng,-2.5744,150.7967,81.9,78,12,10.69,PG,2021-06-13 17:49:13
Mogadishu,2.0371,45.3438,78.37,82,98,16.46,SO,2021-06-13 17:49:14
Petropavlovsk-Kamchatskiy,53.0452,158.6483,45.19,100,90,4.47,RU,2021-06-13 17:46:40
Husavik,66.0449,-17.3389,37.31,95,100,21.03,IS,2021-06-13 17:49:14
Görele,41.0308,39.0031,69.24,89,1,5.82,TR,2021-06-13 17:47:28
Larsnes,62.2028,5.5773,57.81,77,100,11.32,NO,2021-06-13 17:49:15
Provideniya,64.3833,-173.3,36.12,97,100,11.92,RU,2021-06-13 17:49:15
Esperance,-33.8667,121.9,51.64,67,28,12.37,AU,2021-06-13 17:49:15
De-Kastri,51.4667,140.7833,44.44,95,100,6.38,RU,2021-06-13 17:49:15
Härnösand,62.6323,17.9379,62.6,49,62,10.2,SE,2021-06-13 17:47:16
Leh,34.1667,77.5833,55.09,45,36,5.7,IN,2021-06-13 17:47:29
Los Llanos de Aridane,28.6585,-17.9182,69.55,83,20,12.66,ES,2021-06-13 17:49:16
Kahului,20.8947,-156.47,75.22,81,40,16.11,US,2021-06-13 17:46:57
Ouadda,8.0777,22.4007,71.89,89,100,2.64,CF,2021-06-13 17:49:17
Saint Anthony,45.0205,-93.218,89.74,29,1,1.99,US,2021-06-13 17:49:17
Gboko,7.3179,8.9951,83.32,68,97,4.03,NG,2021-06-13 17:49:17
Mairang,25.5667,91.6333,64.13,98,96,5.5,IN,2021-06-13 17:49:17
Iracoubo,5.4802,-53.2011,80.29,86,39,7.99,GF,2021-06-13 17:49:17
San Bartolomé de Tirajana,27.9248,-15.5733,64.31,69,20,29.93,ES,2021-06-13 17:47:36
Khartoum,15.5518,32.5324,102.02,15,99,10.98,SD,2021-06-13 17:47:27
Fayetteville,35.0527,-78.8784,86.11,55,40,10.0,US,2021-06-13 17:46:58
Moses Lake,47.1301,-119.2781,78.3,35,1,0.0,US,2021-06-13 17:46:52
Koumra,8.9126,17.5539,79.9,62,70,4.41,TD,2021-06-13 17:46:31
Nova Olinda do Norte,-3.8881,-59.0942,90.63,51,50,2.35,BR,2021-06-13 17:49:20
Kruisfontein,-34.0033,24.7314,59.88,90,57,12.88,ZA,2021-06-13 17:49:20
Hualmay,-11.0964,-77.6139,69.33,72,51,8.63,PE,2021-06-13 17:46:56
La Romana,18.4273,-68.9728,89.96,55,40,11.5,DO,2021-06-13 17:49:20
Petrozavodsk,61.7849,34.3469,63.86,88,75,2.24,RU,2021-06-13 17:45:19
Santa Cruz de la Sierra,-17.8,-63.1667,78.26,47,20,8.05,BO,2021-06-13 17:46:41
Marsh Harbour,26.5412,-77.0636,84.06,70,40,14.72,BS,2021-06-13 17:49:21
Maumere,-8.6199,122.2111,78.93,83,69,7.36,ID,2021-06-13 17:46:26
Chelmsford,51.7357,0.4696,80.62,64,6,7.38,GB,2021-06-13 17:45:43
Halapitan,7.9175,125.33,69.82,96,40,0.78,PH,2021-06-13 17:49:22
Tupik,54.4253,119.9327,54.1,99,100,1.79,RU,2021-06-13 17:49:22
Grindavik,63.8424,-22.4338,46.56,87,90,11.5,IS,2021-06-13 17:47:02
Cairns,-16.9167,145.7667,73.35,94,90,5.75,AU,2021-06-13 17:49:23
Chunhuhub,19.55,-88.6833,76.05,93,100,2.93,MX,2021-06-13 17:49:23
Norman Wells,65.282,-126.8329,50.04,93,90,9.22,CA,2021-06-13 17:49:23
Acapulco de Juárez,16.8634,-99.8901,82.4,72,99,2.28,MX,2021-06-13 17:47:22
Wagar,16.1525,36.2032,104.0,14,72,4.16,SD,2021-06-13 17:49:24
Kamenka,51.3223,42.7678,64.24,85,69,3.13,RU,2021-06-13 17:49:24
Sungai Penuh,-2.0833,101.3833,65.14,95,53,3.71,ID,2021-06-13 17:49:24
Bathsheba,13.2167,-59.5167,81.21,69,75,27.63,BB,2021-06-13 17:49:24
Jiamusi,46.8333,130.35,63.07,88,74,5.53,CN,2021-06-13 17:46:43
Ambilobe,-13.2,49.05,71.01,90,50,2.55,MG,2021-06-13 17:45:43
Safaga,26.7292,33.9365,91.35,44,0,13.2,EG,2021-06-13 17:46:42
Ginir,7.1333,40.7,57.33,80,100,10.58,ET,2021-06-13 17:49:25
Joshīmath,30.5667,79.5667,66.34,84,21,0.78,IN,2021-06-13 17:49:25
Berdigestyakh,62.0989,126.6992,43.79,63,17,2.71,RU,2021-06-13 17:49:26
Waingapu,-9.6567,120.2641,75.61,83,90,6.53,ID,2021-06-13 17:46:24
Ryōtsu-minato,38.0833,138.4333,65.89,90,100,5.66,JP,2021-06-13 17:49:26
Gambēla,8.25,34.5833,78.08,69,88,3.56,ET,2021-06-13 17:47:08
Giza,30.0081,31.2109,83.14,34,0,19.6,EG,2021-06-13 17:47:34
‘Āhuimanu,21.4447,-157.8378,74.91,71,75,5.75,US,2021-06-13 17:49:27
Skotterud,59.9828,12.1283,67.8,47,53,9.08,NO,2021-06-13 17:49:27
Thunder Bay,48.4001,-89.3168,76.98,42,75,17.27,CA,2021-06-13 17:49:27
Quixadá,-4.9714,-39.0153,92.07,35,37,7.81,BR,2021-06-13 17:47:27
Ténenkou,14.4572,-4.9169,105.19,18,46,2.66,ML,2021-06-13 17:49:28
Turan,16.0678,108.2208,82.45,74,40,2.3,VN,2021-06-13 17:44:49
Talnakh,69.4865,88.3972,36.99,92,100,8.77,RU,2021-06-13 17:46:36
Roebourne,-20.7833,117.1333,69.94,37,23,11.05,AU,2021-06-13 17:49:28
Oddur,4.1213,43.8894,78.44,53,100,16.26,SO,2021-06-13 17:49:29
Ballybofey,54.8,-7.7833,65.95,92,94,8.14,IE,2021-06-13 17:49:29
Maţāy,28.419,30.7792,90.43,22,0,21.83,EG,2021-06-13 17:45:14
Ibimirim,-8.5406,-37.6903,87.53,33,49,13.47,BR,2021-06-13 17:49:30
Xiongyue,40.1774,122.1228,66.47,74,100,2.82,CN,2021-06-13 17:49:30
Leiyang,26.4024,112.8591,77.79,87,94,5.19,CN,2021-06-13 17:46:37
Half Moon Bay,37.4636,-122.4286,78.13,71,75,1.01,US,2021-06-13 17:49:31
Bobov Dol,42.3697,23.0172,60.35,76,65,5.12,BG,2021-06-13 17:49:31
Micheweni,-4.9667,39.8333,76.71,77,3,14.92,TZ,2021-06-13 17:49:32
Mīnāb,27.1467,57.0801,90.9,61,6,1.97,IR,2021-06-13 17:49:32
Flinders,-34.5833,150.8552,56.17,71,99,1.01,AU,2021-06-13 17:49:32
Santa Rosa,14.3122,121.1114,82.9,81,95,1.39,PH,2021-06-13 17:45:01
Codajás,-3.8367,-62.0569,90.3,49,65,2.51,BR,2021-06-13 17:49:33
San Quintín,30.4833,-115.95,70.52,67,11,15.88,MX,2021-06-13 17:49:33
Caravelas,-17.7125,-39.2481,75.83,61,90,10.76,BR,2021-06-13 17:49:33
Kizema,61.113,44.8302,61.72,95,97,4.99,RU,2021-06-13 17:49:34
Dingle,10.9995,122.6711,76.96,88,100,2.3,PH,2021-06-13 17:49:34
Isiro,2.7739,27.616,63.97,99,100,1.61,CD,2021-06-13 17:49:34
Verāval,20.9,70.3667,84.54,81,51,15.55,IN,2021-06-13 17:49:34
Nanortalik,60.1432,-45.2371,37.06,90,98,7.0,GL,2021-06-13 17:49:35
Austin,30.2672,-97.7431,96.55,54,1,1.01,US,2021-06-13 17:49:10
Awjilah,29.1081,21.2869,83.21,27,0,17.4,LY,2021-06-13 17:49:36
Constitución,-35.3333,-72.4167,60.82,77,100,9.01,CL,2021-06-13 17:49:37
Saint-François,46.4154,3.9054,80.04,47,0,9.22,FR,2021-06-13 17:49:37
Sooke,48.3746,-123.7276,61.41,96,100,2.3,CA,2021-06-13 17:49:37
Talcahuano,-36.7167,-73.1167,53.28,100,90,8.05,CL,2021-06-13 17:47:18
Gao,16.6362,1.637,96.44,22,63,15.48,ML,2021-06-13 17:47:43
Nara,34.6851,135.8049,70.5,91,100,0.63,JP,2021-06-13 17:49:38
Viedma,-40.8135,-62.9967,59.16,61,100,9.33,AR,2021-06-13 17:49:37
Japura,-0.3167,102.35,75.76,90,75,2.95,ID,2021-06-13 17:49:38
Iqaluit,63.7506,-68.5145,44.33,70,75,11.01,CA,2021-06-13 17:49:38
Waitara,-38.925,174.25,60.71,91,99,15.46,NZ,2021-06-13 17:49:39
Karachi,24.9056,67.0822,87.62,66,75,21.85,PK,2021-06-13 17:45:45
Saint-Joseph,-21.3667,55.6167,71.96,78,62,15.41,RE,2021-06-13 17:49:39
Covington,39.0837,-84.5086,91.2,62,20,8.05,US,2021-06-13 17:46:47
Nosy Varika,-20.5833,48.5333,67.33,96,100,11.72,MG,2021-06-13 17:49:40
Grand Baie,-20.0182,57.5802,75.67,76,22,8.01,MU,2021-06-13 17:49:40
Kwidzyn,53.7249,18.9311,61.23,74,4,9.13,PL,2021-06-13 17:49:41
Maniitsoq,65.4167,-52.9,38.05,74,91,3.89,GL,2021-06-13 17:49:41
Porto-Novo,6.4965,2.6036,85.82,76,55,8.39,BJ,2021-06-13 17:47:14
Pangoa,-12.1167,-73.0,77.32,63,49,3.83,PE,2021-06-13 17:49:42
Paraíso,9.8383,-83.8656,79.95,61,81,3.06,CR,2021-06-13 17:47:23
Yakima,46.4665,-120.6678,75.83,51,90,5.75,US,2021-06-13 17:49:42
Qandala,11.472,49.8728,94.78,41,100,7.47,SO,2021-06-13 17:49:42
Kalabo,-14.97,22.6814,61.0,27,5,5.35,ZM,2021-06-13 17:49:42
Abalak,58.1286,68.5944,62.1,61,81,5.41,RU,2021-06-13 17:49:43
Tabou,4.423,-7.3528,80.82,79,100,8.1,CI,2021-06-13 17:46:37
Baykit,61.67,96.37,41.36,90,33,5.93,RU,2021-06-13 17:49:43
Mount Isa,-20.7333,139.5,53.37,32,82,4.61,AU,2021-06-13 17:49:43
Mana,5.6592,-53.7767,81.57,81,44,6.64,GF,2021-06-13 17:49:43
Huanan,46.2167,130.5167,62.33,90,83,3.33,CN,2021-06-13 17:46:39
Amlapura,-8.45,115.6167,79.68,88,85,5.82,ID,2021-06-13 17:46:26
Puro,12.4841,123.3827,80.78,78,97,4.47,PH,2021-06-13 17:49:44
Lavrentiya,65.5833,-171.0,35.29,95,100,8.48,RU,2021-06-13 17:49:45
Myitkyina,25.3833,97.4,75.67,98,100,1.52,MM,2021-06-13 17:47:10
Villa Carlos Paz,-31.4241,-64.4978,76.39,48,0,8.99,AR,2021-06-13 17:46:39
Beaufort,5.3473,115.7455,80.76,84,100,4.59,MY,2021-06-13 17:47:28
Shubarkuduk,49.1447,56.4872,74.48,40,99,11.41,KZ,2021-06-13 17:49:45
Beloha,-25.1667,45.05,67.17,69,2,5.14,MG,2021-06-13 17:47:24
Murgeni,46.2044,28.0197,57.85,81,100,9.31,RO,2021-06-13 17:49:46
Oussouye,12.485,-16.5469,91.58,58,70,13.47,SN,2021-06-13 17:49:46
Collie,-33.3667,116.15,55.98,82,54,12.39,AU,2021-06-13 17:49:47
Amapá,1.0,-52.0,88.16,56,64,2.13,BR,2021-06-13 17:49:47
Ambanja,-13.6833,48.45,72.9,90,63,2.55,MG,2021-06-13 17:47:36
Segezha,63.7415,34.3222,58.55,86,76,10.4,RU,2021-06-13 17:45:18
Cayenne,4.9333,-52.3333,87.84,82,28,4.0,GF,2021-06-13 17:49:47
Novomykolayivka,47.9781,35.9102,68.25,79,52,6.78,UA,2021-06-13 17:49:48
Batemans Bay,-35.7167,150.1833,54.19,73,100,3.18,AU,2021-06-13 17:49:48
Praia da Vitória,38.7333,-27.0667,73.76,73,20,4.85,PT,2021-06-13 17:49:48
Saint Charles,38.7667,-90.7335,88.97,40,1,1.01,US,2021-06-13 17:49:48
Nichinan,31.6,131.3667,73.76,93,96,4.97,JP,2021-06-13 17:47:44
Abu Kamal,34.4506,40.9171,89.94,13,0,7.25,SY,2021-06-13 17:49:49
Nome,64.5011,-165.4064,43.16,87,90,0.0,US,2021-06-13 17:49:49
Nicoya,10.1483,-85.452,85.55,60,98,2.15,CR,2021-06-13 17:47:30
Río Gallegos,-51.6226,-69.2181,41.05,65,0,19.57,AR,2021-06-13 17:49:49
Oistins,13.0667,-59.5333,80.69,69,75,27.63,BB,2021-06-13 17:49:50
Gunjur,13.2019,-16.7339,89.67,58,75,11.5,GM,2021-06-13 17:49:50
Broken Hill,-31.95,141.4333,53.31,54,90,4.61,AU,2021-06-13 17:49:50
Guiratinga,-16.3494,-53.7583,87.33,34,35,4.54,BR,2021-06-13 17:49:50
Soavinandriana,-19.1667,46.7333,55.49,97,99,1.66,MG,2021-06-13 17:47:41
Umeå,63.8284,20.2597,60.73,41,0,9.22,SE,2021-06-13 17:49:51
Araouane,18.9048,-3.5265,108.82,7,15,6.55,ML,2021-06-13 17:49:51
Barreiras,-12.1528,-44.99,93.4,25,98,2.93,BR,2021-06-13 17:49:52
Vakhrushev,48.9833,142.9667,46.67,92,100,2.15,RU,2021-06-13 17:49:52
Torrington,41.8007,-73.1212,83.39,53,7,1.99,US,2021-06-13 17:49:30
Altay,47.8667,88.1167,48.72,49,25,3.83,CN,2021-06-13 17:49:52
Belaya Gora,68.5333,146.4167,54.64,68,99,5.66,RU,2021-06-13 17:49:53
Warri,5.5167,5.75,80.69,76,68,8.37,NG,2021-06-13 17:46:38
Santa Cruz de Tenerife,28.4682,-16.2546,75.42,70,40,5.01,ES,2021-06-13 17:47:32
Tvøroyri,61.5556,-6.8111,51.19,90,100,23.44,FO,2021-06-13 17:49:53
Yakeshi,49.2833,120.7333,67.6,61,100,11.21,CN,2021-06-13 17:47:25
Gerede,40.8008,32.1969,51.94,92,64,5.28,TR,2021-06-13 17:46:57
Quang Ngai,15.1167,108.8,79.3,75,98,4.45,VN,2021-06-13 17:46:46
Cabedelo,-6.9811,-34.8339,84.87,76,91,9.13,BR,2021-06-13 17:46:44
Rivera,-30.9053,-55.5508,67.33,55,0,7.85,UY,2021-06-13 17:46:46
Naryan-Mar,67.6713,53.087,72.43,35,90,7.05,RU,2021-06-13 17:47:38
Nishiwaki,34.9833,134.9667,70.57,95,100,1.34,JP,2021-06-13 17:47:30
Mâncio Lima,-7.6142,-72.8958,82.47,69,75,4.61,BR,2021-06-13 17:49:55
Sunndalsøra,62.6754,8.5515,57.25,73,100,4.34,NO,2021-06-13 17:49:56
Sayyan,15.1718,44.3244,69.06,12,85,8.99,YE,2021-06-13 17:49:56
Bukama,-9.2,25.85,72.34,38,1,3.22,CD,2021-06-13 17:47:03
Kayes,14.0,-11.0,96.12,33,45,14.92,ML,2021-06-13 17:47:45
Vao,-22.6667,167.4833,73.13,84,74,9.66,NC,2021-06-13 17:49:57
Diu,20.7141,70.9822,84.27,81,32,15.03,IN,2021-06-13 17:49:57
Sakakah,29.9697,40.2064,99.97,10,0,10.16,SA,2021-06-13 17:47:03
Komsomolsk-on-Amur,50.552,137.0152,46.62,82,70,5.1,RU,2021-06-13 17:47:03
Boa Vista,2.8197,-60.6733,91.38,52,75,5.75,BR,2021-06-13 17:47:32
Fort Nelson,58.8053,-122.7002,62.19,55,75,2.3,CA,2021-06-13 17:49:58
Cap Malheureux,-19.9842,57.6142,75.69,76,21,8.01,MU,2021-06-13 17:49:58
Lakes Entrance,-37.8811,147.981,52.18,82,100,6.82,AU,2021-06-13 17:49:58
Rusape,-18.5278,32.1284,51.39,56,0,0.81,ZW,2021-06-13 17:49:58
Abapó,-18.8333,-63.4667,77.36,22,5,7.96,BO,2021-06-13 17:49:59
Eyl,7.9803,49.8164,79.59,74,100,22.41,SO,2021-06-13 17:47:17
Mossamedes,-15.1961,12.1522,74.16,62,98,4.81,AO,2021-06-13 17:46:54
Batagay-Alyta,67.8006,130.4114,49.44,52,54,4.38,RU,2021-06-13 17:49:59
Nagyszénás,46.6833,20.6667,69.82,55,74,11.92,HU,2021-06-13 17:49:59
Anori,-3.7728,-61.6442,86.83,59,91,3.6,BR,2021-06-13 17:50:00
Sitka,57.0531,-135.33,55.29,71,40,3.44,US,2021-06-13 17:50:00
Verkhoyansk,67.5447,133.385,54.27,49,100,4.85,RU,2021-06-13 17:50:00
Irpa Irpa,-17.7167,-66.2667,74.86,10,5,3.42,BO,2021-06-13 17:50:00
Berlevåg,70.8578,29.0864,46.49,85,100,17.05,NO,2021-06-13 17:50:01
Kuril'sk,45.2333,147.8833,48.29,97,48,4.68,RU,2021-06-13 17:50:01
Grand Island,40.925,-98.342,87.75,31,1,4.0,US,2021-06-13 17:50:01
Wanning,18.8003,110.3967,79.86,88,99,7.45,CN,2021-06-13 17:46:43
Gimli,50.6336,-96.9907,78.06,35,0,9.22,CA,2021-06-13 17:50:02
Tura,25.5198,90.2201,76.05,92,82,7.31,IN,2021-06-13 17:46:41
Bucerías,20.75,-105.3333,85.98,62,97,5.79,MX,2021-06-13 17:50:03
Alice Springs,-23.7,133.8833,60.35,72,90,10.36,AU,2021-06-13 17:46:04
Presidencia Roque Sáenz Peña,-26.7852,-60.4388,79.34,22,0,10.29,AR,2021-06-13 17:47:32
La Paz,-16.5,-68.15,58.98,10,20,6.91,BO,2021-06-13 17:49:40
Bela,25.9333,81.9833,82.9,74,93,7.83,IN,2021-06-13 17:47:07
Shebunino,46.4339,141.8603,47.61,89,65,11.63,RU,2021-06-13 17:50:04
Ust-Kuyga,70.0167,135.6,56.55,48,34,5.06,RU,2021-06-13 17:50:05
Waitati,-45.75,170.5667,52.81,96,100,3.49,NZ,2021-06-13 17:50:05
Dinguiraye,11.3,-10.7167,81.16,62,80,5.26,GN,2021-06-13 17:50:05
Areia Branca,-4.9561,-37.1369,97.0,57,45,15.93,BR,2021-06-13 17:50:06
Peiting,47.8,10.9333,73.67,40,9,8.05,DE,2021-06-13 17:50:06
Beringovskiy,63.05,179.3167,33.94,99,100,12.71,RU,2021-06-13 17:50:06
Merritt,50.1123,-120.7942,65.44,42,94,5.55,CA,2021-06-13 17:50:06
Langxiang,46.95,128.8833,57.52,96,49,2.35,CN,2021-06-13 17:50:07
Westport,41.1415,-73.3579,80.17,56,75,9.22,US,2021-06-13 17:50:07
Kuito,-12.3833,16.9333,56.17,37,17,0.27,AO,2021-06-13 17:50:07
Chardara,41.2547,67.9692,75.96,20,0,18.23,KZ,2021-06-13 17:50:07
City of San Pedro,14.35,121.0167,81.16,83,75,2.3,PH,2021-06-13 17:50:07
Nelson Bay,-32.7167,152.15,48.69,83,99,14.2,AU,2021-06-13 17:50:08
Itainópolis,-7.4469,-41.4783,99.48,21,72,2.68,BR,2021-06-13 17:50:08
San Vicente,-26.6167,-54.1333,71.47,37,0,3.69,AR,2021-06-13 17:47:23
Valleyview,55.0667,-117.2859,59.04,55,92,2.3,CA,2021-06-13 17:50:09
Bubaque,11.2833,-15.8333,81.63,81,25,18.28,GW,2021-06-13 17:50:09
Palu,-0.8917,119.8707,73.98,97,95,2.35,ID,2021-06-13 17:45:41
Lázaro Cárdenas,17.9583,-102.2,79.5,76,100,2.8,MX,2021-06-13 17:50:09
Fare,-16.7,-151.0167,79.93,79,6,18.7,PF,2021-06-13 17:50:10
Broome,42.2506,-75.833,82.2,63,40,1.01,US,2021-06-13 17:50:10
Abashiri,44.0213,144.2697,53.82,97,4,4.74,JP,2021-06-13 17:46:28
Ossora,59.2353,163.0719,47.89,76,6,2.17,RU,2021-06-13 17:50:10
Koumac,-20.5667,164.2833,70.74,82,4,3.94,NC,2021-06-13 17:50:10
Chicama,-7.8447,-79.1469,66.74,64,67,9.53,PE,2021-06-13 17:50:11
Paamiut,61.994,-49.6678,38.01,91,64,13.49,GL,2021-06-13 17:50:11
Bani Walid,31.7566,13.9942,78.04,32,6,15.93,LY,2021-06-13 17:50:11
Ocampo,21.65,-101.5,65.98,59,100,11.68,MX,2021-06-13 17:50:11
Thaton,16.9206,97.3714,74.68,96,100,4.7,MM,2021-06-13 17:48:30
Sobolevo,54.4299,31.8996,61.9,90,88,3.83,RU,2021-06-13 17:50:12
Pangai,-19.8,-174.35,75.31,64,20,21.85,TO,2021-06-13 17:50:13
Novikovo,51.1537,37.8879,63.54,86,90,4.61,RU,2021-06-13 17:50:13
Novopavlovka,51.2172,109.2091,44.74,84,53,1.66,RU,2021-06-13 17:50:13
Mackay,-21.15,149.2,70.68,94,40,5.75,AU,2021-06-13 17:50:13
Arrondissement de Saint-Denis,48.9167,2.3333,80.22,36,0,1.01,FR,2021-06-13 17:50:14
Neuquén,-38.9516,-68.0591,60.69,48,0,11.5,AR,2021-06-13 17:50:14
Burns Lake,54.2331,-125.7533,60.22,45,57,4.52,CA,2021-06-13 17:50:14
‘Ewa Beach,21.3156,-158.0072,75.15,70,90,5.01,US,2021-06-13 17:50:14
Radovitskiy,55.1282,39.7956,65.08,92,22,4.52,RU,2021-06-13 17:50:15
Līsakovsk,52.5369,62.4936,66.6,35,62,8.66,KZ,2021-06-13 17:47:21
Poronaysk,49.2167,143.1167,47.12,92,100,2.93,RU,2021-06-13 17:47:08
